og-sample,worm_type,sample_id,Well_on_lib_prep_plate,gDNA_plate_id,gDNA_plate_well_used,barcode_plate_well_used,qubit_ng_ul_gdna,qubit_ng_ul_lib,barcode_i7_id,barcode_idx_1,barcode_i5_id,barcode_idx_2,full_lp_plate_name,short_plate_name,sequenced
Skin snip mf from 952-012 left side,mf,952-012-lhs-1,A1,,A1,C1,NULL,7.36,S736,TTCCAGGT,S543,AAGCACTG,plate_ssmf_1,ws_26_08_20,
Skin snip mf from 952-013 left side,mf,952-012-lhs-8,A2,,A2,C2,NULL,13.9,S772,TCATCTCC,S567,CTAGCAAG,plate_ssmf_2,ws_26_08_21,
Skin snip mf from 952-012 left side,mf,952-012-lhs-9,A3,,A3,C3,NULL,7.4,S757,GAGAGTAC,S545,TGCTTCCA,plate_ssmf_3,ws_26_08_22,
Skin snip mf from 952-012 left side,mf,952-012-lhs-10,A4,,A4,C4,NULL,13.2,S735,GTCGTTAC,S554,GCTTAGCT,plate_ssmf_4,ws_26_08_23,
Skin snip mf from 952-012 left side,mf,952-013-lhs-1,A5,,A5,C5,NULL,12.5,S704,GGAGGAAT,S585,AACCGTTC,plate_ssmf_5,ws_26_08_24,
Skin snip mf from 952-012 left side,mf,952-012-lhs-2,A6,,A6,C6,NULL,13.5,S788,AGGAACAC,S587,GACATTCC,plate_ssmf_6,ws_26_08_25,
Skin snip mf from 952-012 left side,mf,952-012-lhs-3,A7,,A7,C7,NULL,11.7,S743,CAGTGCTT,S536,ACCTGGAA,plate_ssmf_7,ws_26_08_26,
Skin snip mf from 952-012 left side,mf,952-012-lhs-4,A8,,A8,C8,NULL,13.7,S767,CTTGCTAG,S572,GGAGATGA,plate_ssmf_8,ws_26_08_27,
Skin snip mf from 952-013 left side,mf,952-012-lhs-5,A9,,A9,C9,NULL,10.1,S745,TGGAAGCA,S557,GTACTCTC,plate_ssmf_9,ws_26_08_28,
Skin snip mf from 952-012 left side,mf,952-012-lhs-6,A10,,A10,C10,NULL,13.1,S754,AGCTAAGC,S535,GTAACGAC,plate_ssmf_10,ws_26_08_29,
Skin snip mf from 952-012 left side,mf,952-012-lhs-7,A11,,A11,C11,NULL,13,S785,GAACGGTT,S504,ATTCCTCC,plate_ssmf_11,ws_26_08_30,
Skin snip mf from 952-012 left side,mf,952-013-lhs-2,A12,,A12,C12,NULL,7.7,S787,GGAATGTC,S588,GTGTTCCT,plate_ssmf_12,ws_26_08_31,
Skin snip mf from 952-012 left side,mf,952-012-lhs-11,B1,,B1,D1,NULL,16.9,S709,TACGGTCT,S575,GCAATGGA,plate_ssmf_13,ws_26_08_32,
Skin snip mf from 952-012 left side,mf,952-012-rhs-2,B2,,B3,D2,NULL,14.4,S725,CCAGTATC,S538,ATCTCGCT,plate_ssmf_14,ws_26_08_33,
Skin snip mf from 952-012 left side,mf,952-012-rhs-3,B3,,B4,D3,NULL,11.2,S783,TCTACGCA,S546,GGCTATTG,plate_ssmf_15,ws_26_08_34,
Skin snip mf from 952-013 left side,mf,952-012-rhs-4,B4,,B5,D4,NULL,10.1,S727,GTAACCGA,S598,GGTGTCTT,plate_ssmf_16,ws_26_08_35,
Skin snip mf from 952-012 left side,mf,952-012-lhs-12,B5,,B6,D5,NULL,14.7,S715,GACGTCAT,S518,TCAACTGG,plate_ssmf_17,ws_26_08_36,
Skin snip mf from 952-012 left side,mf,952-012-lhs-13,B6,,B7,D6,NULL,9.3,S739,CTTACAGC,S503,CTTCACCA,plate_ssmf_18,ws_26_08_37,
Skin snip mf from 952-012 left side,mf,952-013-lhs-3,B7,,B8,D7,NULL,12.6,S775,TCCATTGC,S509,AGACCGTA,plate_ssmf_19,ws_26_08_38,
Skin snip mf from 952-012 left side,mf,952-012-lhs-14,B8,,B9,D8,NULL,14.7,S738,AGCGAGAT,S525,GATACTGG,plate_ssmf_20,ws_26_08_39,
Skin snip mf from 952-012 right side,mf,952-012-lhs-15,B9,,C1,D9,NULL,12.2,S746,CAATAGCC,S583,TGCGTAGA,plate_ssmf_21,ws_26_08_40,
Skin snip mf from 952-012 right side,mf,952-012-lhs-16,B10,,C2,D10,NULL,10.4,S798,AAGACACC,S527,TCGGTTAC,plate_ssmf_22,ws_26_08_41,
Skin snip mf from 952-012 right side,mf,952-012-lhs-17,B11,,C3,D11,NULL,12.1,S718,CCAGTTGA,S515,ATGACGTC,plate_ssmf_23,ws_26_08_42,
Skin snip mf from 952-012 right side,mf,952-012-rhs-1,B12,,C4,D12,NULL,9.06,S703,TGGTGAAG,S539,GCTGTAAG,plate_ssmf_24,ws_26_08_43,
Skin snip mf from 952-012 right side,mf,952-012-rhs-5,C1,,C5,E1,NULL,10.6,S732,AAGACCGT,S550,CAATCGAC,plate_ssmf_25,ws_26_08_44,
Skin snip mf from 952-012 right side,mf,952-012-rhs-14,C2,,C6,E2,NULL,11.3,S755,TTGCGAGA,S566,GTGCCATA,plate_ssmf_26,ws_26_08_45,
Skin snip mf from 952-012 right side,mf,952-012-rhs-15,C3,,C7,E3,NULL,11.5,S722,GCAATTCC,S578,TGTTCGAG,plate_ssmf_27,ws_26_08_46,
Skin snip mf from 952-012 right side,mf,952-012-rhs-16,C4,,C8,E4,NULL,9,S742,GAATCCGT,S551,TGGAGTTG,plate_ssmf_28,ws_26_08_47,
Skin snip mf from 952-012 right side,mf,952-012-rhs-6,C5,,C9,E5,NULL,11,S753,CCGCTTAA,S548,ACGATGAC,plate_ssmf_29,ws_26_08_48,
Skin snip mf from 952-012 right side,mf,952-012-rhs-7,C6,,C10,E6,NULL,9.98,S737,TACCTGCA,S576,TGATGTCC,plate_ssmf_30,ws_26_08_49,
Skin snip mf from 952-012 right side,mf,952-012-rhs-8,C7,,C11,E7,NULL,10.6,S750,GTCGATTG,S532,ACGGTCTT,plate_ssmf_31,ws_26_08_50,
Skin snip mf from 952-012 right side,mf,952-012-rhs-9,C8,,C12,E8,NULL,10.6,S766,TATGGCAC,S555,TCTCGCAA,plate_ssmf_32,ws_26_08_51,
Skin snip mf from 952-012 right side,mf,952-012-rhs-10,C9,,D1,E9,NULL,9.64,S778,CTCGAACA,S522,GGAATTGC,plate_ssmf_33,ws_26_08_52,
Skin snip mf from 952-012 right side,mf,952-012-rhs-11,C10,,D2,E10,NULL,11.2,S751,CAACTCCA,S542,ACGGATTC,plate_ssmf_34,ws_26_08_53,
Skin snip mf from 952-012 right side,mf,952-012-rhs-12,C11,,D3,E11,NULL,15.3,S748,GTCATCGT,S553,TTAAGCGG,plate_ssmf_35,ws_26_08_54,
Skin snip mf from 952-012 right side,mf,952-012-rhs-13,C12,,D4,E12,NULL,12.4,S776,GGACATCA,S537,TGCAGGTA,plate_ssmf_36,ws_26_08_55,
Skin snip mf from 952-012 right side,mf,952-012-rhs-17,D1,,D5,F1,NULL,10.3,S774,CAGGTTCA,S506,GGCGTTAT,plate_ssmf_37,ws_26_08_56,
Skin snip mf from 952-012 right side,mf,950-024-rhs-6,D2,,D6,F2,NULL,10.8,S760,GAACGAAG,S511,GGTGATTC,plate_ssmf_38,ws_26_08_57,
Skin snip mf from 952-012 right side,mf,950-024-rhs-7,D3,,D8,F3,NULL,13.7,S710,CTCAGAAG,S581,AACTTGCC,plate_ssmf_39,ws_26_08_58,
Skin snip mf from 952-012 right side,mf,950-024-rhs-8,D4,,D9,F4,NULL,11.8,S795,CATGAGCA,S517,GCAAGATC,plate_ssmf_40,ws_26_08_59,
Skin snip mf from 950-024 right side,mf,952-012-rhs-18,D5,,E1,F5,NULL,13.3,S758,GACGAACT,S568,TCGCATTG,plate_ssmf_41,ws_26_08_60,
Skin snip mf from 950-024 right side,mf,952-012-rhs-19,D6,,E2,F6,NULL,12.3,S728,AGACGCTA,S582,TGTACACC,plate_ssmf_42,ws_26_08_61,
Skin snip mf from 950-024 right side,mf,952-012-rhs-20,D7,,E3,F7,NULL,11.3,S706,ATAACGCC,S574,TGAACCTG,plate_ssmf_43,ws_26_08_62,
Skin snip mf from 950-024 right side,mf,950-024-rhs-1,D8,,E4,F8,NULL,14.4,S711,GAATCACC,S560,CTTCGTTC,plate_ssmf_44,ws_26_08_63,
Skin snip mf from 950-024 right side,mf,950-024-rhs-2,D9,,E5,F9,NULL,10.3,S781,GGCAAGTT,S510,CTTCTGAG,plate_ssmf_45,ws_26_08_64,
Skin snip mf from 950-024 right side,mf,950-024-rhs-3,D10,,E6,F10,NULL,10,S717,GATCTTGC,S595,TGCTCATG,plate_ssmf_46,ws_26_08_65,
Skin snip mf from 950-024 right side,mf,950-024-rhs-4,D11,,E7,F11,NULL,8.58,S768,CAATGCGA,S558,AGTTCGTC,plate_ssmf_47,ws_26_08_66,
Skin snip mf from 950-024 right side,mf,950-024-rhs-5,D12,,E8,F12,NULL,10.3,S782,GGTGTACA,S528,TAGCGTCT,plate_ssmf_48,ws_26_08_67,
Skin snip mf from 950-024 right side,mf,950-024-rhs-9,E1,,E9,G1,NULL,10.3,S747,TAGGAGCT,S524,GTTAAGGC,plate_ssmf_49,ws_26_08_68,
Skin snip mf from 950-024 right side,mf,950-024-rhs-18,E2,,E10,G2,NULL,13.6,S716,CGAATTGC,S559,CACCTTAC,plate_ssmf_50,ws_26_08_69,
Skin snip mf from 950-024 right side,mf,950-024-rhs-19,E3,,E11,G3,NULL,9.88,S770,GTCCTAAG,S540,TGGTAGCT,plate_ssmf_51,ws_26_08_70,
Skin snip mf from 950-024 right side,mf,950-024-rhs-20,E4,,E12,G4,NULL,11,S749,CTTAGGAC,S565,CAGTGAAG,plate_ssmf_52,ws_26_08_71,
Skin snip mf from 950-024 right side,mf,950-024-rhs-10,E5,,F1,G5,NULL,12.6,S784,TCCACGTT,S541,GTTCAACC,plate_ssmf_53,ws_26_08_72,
Skin snip mf from 950-024 right side,mf,950-024-rhs-11,E6,,F2,G6,NULL,11.3,S780,CAACACAG,S530,TGGCTATC,plate_ssmf_54,ws_26_08_73,
Skin snip mf from 950-024 right side,mf,950-024-rhs-12,E7,,F3,G7,NULL,11.5,S724,GCCTTAAC,S547,AGCTCCTA,plate_ssmf_55,ws_26_08_74,
Skin snip mf from 950-024 right side,mf,950-024-rhs-13,E8,,F4,G8,NULL,12.6,S759,GTAAGGTG,S516,GCAATTCG,plate_ssmf_56,ws_26_08_75,
Skin snip mf from 950-024 right side,mf,950-024-rhs-14,E9,,F5,G9,NULL,11.9,S740,AGCTACCA,S570,CTTAGGAC,plate_ssmf_57,ws_26_08_76,
Skin snip mf from 950-024 right side,mf,950-024-rhs-15,E10,,F7,G10,NULL,16.7,S765,CTTCACTG,S549,GTCCTAAG,plate_ssmf_58,ws_26_08_77,
Skin snip mf from 950-024 right side,mf,950-024-rhs-16,E11,,F8,G11,NULL,16.6,S741,GGTTGAAC,S584,AACGTGGA,plate_ssmf_59,ws_26_08_78,
Skin snip mf from 950-024 right side,mf,950-024-rhs-17,E12,,F9,G12,NULL,11.5,S730,GATAGCCA,S580,CTGTGTTG,plate_ssmf_60,ws_26_08_79,
Skin snip mf from 950-024 left side,mf,950-024-lhs-1,G1,,G1,H1,NULL,11.8,S794,TACTCCAG,S590,CCTATACC,plate_ssmf_61,ws_26_08_80,
Skin snip mf from 950-024 left side,mf,950-024-lhs-2,G2,,G2,H2,NULL,10.7,S708,GGAAGAGA,S521,TTCTCTCG,plate_ssmf_62,ws_26_08_81,
Skin snip mf from 950-024 left side,mf,950-024-lhs-3,H3,,G3,H3,NULL,8.7,S734,GCGTTAGA,S592,GTATGCTG,plate_ssmf_63,ws_26_08_82,